old_path,new_path,category,notes
I18N_WORKFLOW_GUIDE.md,docs/guides/I18N_WORKFLOW_GUIDE.md,guides,
SECRET_KEY_NAMING_STANDARD.md,docs/guides/SECRET_KEY_NAMING_STANDARD.md,guides,
THEME_USAGE_GUIDE.md,docs/guides/THEME_USAGE_GUIDE.md,guides,
TOKEN_ENFORCEMENT_P1.md,docs/guides/TOKEN_ENFORCEMENT_P1.md,guides,
RELEASE_NOTES_v4.6.0.md,docs/releases/RELEASE_NOTES_v4.6.0.md,releases,
RELEASE_NOTES_v9.1.0.md,docs/releases/RELEASE_NOTES_v9.1.0.md,releases,
BRAND_ASSETS_COMPRESSION_REPORT.md,docs/reports/analysis/BRAND_ASSETS_COMPRESSION_REPORT.md,analysis,
CODE_DUPLICATION_ANALYSIS.md,docs/reports/analysis/CODE_DUPLICATION_ANALYSIS.md,analysis,
CODE_DUPLICATION_ANALYSIS_REPORT.md,docs/reports/analysis/CODE_DUPLICATION_ANALYSIS_REPORT.md,analysis,
COMPONENT_ANALYSIS_P0.md,docs/reports/analysis/COMPONENT_ANALYSIS_P0.md,analysis,
COMPONENT_MIGRATION_PHASE1_P1.md,docs/reports/analysis/COMPONENT_MIGRATION_PHASE1_P1.md,analysis,
COMPREHENSIVE_REVIEW_REPORT.md,docs/reports/analysis/COMPREHENSIVE_REVIEW_REPORT.md,analysis,
DATABASE_SCHEMA_ANALYSIS.md,docs/reports/analysis/DATABASE_SCHEMA_ANALYSIS.md,analysis,
DEEP_INVESTIGATION_CHECKLIST.md,docs/reports/analysis/DEEP_INVESTIGATION_CHECKLIST.md,analysis,
DOCUMENTATION_REVIEW_ANALYSIS.md,docs/reports/analysis/DOCUMENTATION_REVIEW_ANALYSIS.md,analysis,
EFFICIENCY_ANALYSIS_REPORT.md,docs/reports/analysis/EFFICIENCY_ANALYSIS_REPORT.md,analysis,
ENGINEERING_TEAM_PREPARATION_REPORT.md,docs/reports/analysis/ENGINEERING_TEAM_PREPARATION_REPORT.md,analysis,
FASTAPI_AUDIT_REPORT.md,docs/reports/analysis/FASTAPI_AUDIT_REPORT.md,analysis,
ISSUE_CONFLICT_ANALYSIS.md,docs/reports/analysis/ISSUE_CONFLICT_ANALYSIS.md,analysis,
MORNINGAI_深度解析報告_2025-11-20.md,docs/reports/analysis/MORNINGAI_深度解析報告_2025-11-20.md,analysis,Replaced with stub pointing to canonical file
MorningAI_Deep_Analysis_Report_zhTW_2025-11-20.md,docs/reports/analysis/MorningAI_Deep_Analysis_Report_zhTW_2025-11-20.md,analysis,Canonical file for zhTW deep analysis
PROJECT_DEEP_ANALYSIS.md,docs/reports/analysis/PROJECT_DEEP_ANALYSIS.md,analysis,
REDIS_TEST_FAILURE_ANALYSIS.md,docs/reports/analysis/REDIS_TEST_FAILURE_ANALYSIS.md,analysis,
CALIBRATION_REPORT_v1.md,docs/reports/calibration/CALIBRATION_REPORT_v1.md,calibration,
CALIBRATION_TRACKER.md,docs/reports/calibration/CALIBRATION_TRACKER.md,calibration,
WEEK2_CALIBRATION_REPORT.md,docs/reports/calibration/WEEK2_CALIBRATION_REPORT.md,calibration,
COVERAGE_ACHIEVEMENT_REPORT.md,docs/reports/coverage/COVERAGE_ACHIEVEMENT_REPORT.md,coverage,
COVERAGE_AND_E2E_IMPROVEMENT_REPORT.md,docs/reports/coverage/COVERAGE_AND_E2E_IMPROVEMENT_REPORT.md,coverage,
COVERAGE_IMPROVEMENT_REPORT_15_PERCENT.md,docs/reports/coverage/COVERAGE_IMPROVEMENT_REPORT_15_PERCENT.md,coverage,
COVERAGE_IMPROVEMENT_REPORT_60_PERCENT.md,docs/reports/coverage/COVERAGE_IMPROVEMENT_REPORT_60_PERCENT.md,coverage,
COVERAGE_IMPROVEMENT_STRATEGY_60PERCENT.md,docs/reports/coverage/COVERAGE_IMPROVEMENT_STRATEGY_60PERCENT.md,coverage,
COVERAGE_IMPROVEMENT_TO_56_PERCENT.md,docs/reports/coverage/COVERAGE_IMPROVEMENT_TO_56_PERCENT.md,coverage,
COVERAGE_OPTIMIZATION_REPORT_77_PERCENT.md,docs/reports/coverage/COVERAGE_OPTIMIZATION_REPORT_77_PERCENT.md,coverage,
COVERAGE_REPORT_PHASE1.md,docs/reports/coverage/COVERAGE_REPORT_PHASE1.md,coverage,
FINAL_COVERAGE_ACHIEVEMENT_REPORT_25_PERCENT.md,docs/reports/coverage/FINAL_COVERAGE_ACHIEVEMENT_REPORT_25_PERCENT.md,coverage,
PROJECT_COVERAGE_EVALUATION_REPORT.md,docs/reports/coverage/PROJECT_COVERAGE_EVALUATION_REPORT.md,coverage,
STORYBOOK_COVERAGE_P1.md,docs/reports/coverage/STORYBOOK_COVERAGE_P1.md,coverage,
TEST_COVERAGE_IMPROVEMENT_REPORT.md,docs/reports/coverage/TEST_COVERAGE_IMPROVEMENT_REPORT.md,coverage,
TEST_COVERAGE_STRENGTHENING_REPORT.md,docs/reports/coverage/TEST_COVERAGE_STRENGTHENING_REPORT.md,coverage,
MVP_INFRASTRUCTURE_SETUP_REPORT.md,docs/reports/infrastructure/MVP_INFRASTRUCTURE_SETUP_REPORT.md,infrastructure,
SENTRY_ERRORS_COMPREHENSIVE_FIX_REPORT.md,docs/reports/infrastructure/SENTRY_ERRORS_COMPREHENSIVE_FIX_REPORT.md,infrastructure,
SUPABASE_MIGRATION_REQUIRED.md,docs/reports/infrastructure/SUPABASE_MIGRATION_REQUIRED.md,infrastructure,
DEPLOYMENT_REPORT_20251019.md,docs/reports/ops/DEPLOYMENT_REPORT_20251019.md,ops,
PRODUCTION_DEPLOYMENT_GUIDE.md,docs/reports/ops/PRODUCTION_DEPLOYMENT_GUIDE.md,ops,
PRODUCTION_DEPLOYMENT_REPORT_SECURITY_FIXES.md,docs/reports/ops/PRODUCTION_DEPLOYMENT_REPORT_SECURITY_FIXES.md,ops,
PRODUCTION_READINESS_CHECKLIST.md,docs/reports/ops/PRODUCTION_READINESS_CHECKLIST.md,ops,
VERCEL_DEPLOYMENT_GUIDE.md,docs/reports/ops/VERCEL_DEPLOYMENT_GUIDE.md,ops,
PHASE6_IMPLEMENTATION_SUMMARY.md,docs/reports/phase/PHASE6_IMPLEMENTATION_SUMMARY.md,phase,
PHASE7_IMPLEMENTATION_SUMMARY.md,docs/reports/phase/PHASE7_IMPLEMENTATION_SUMMARY.md,phase,
PHASE_1C_STAGING_TEST_REPORT.md,docs/reports/phase/PHASE_1C_STAGING_TEST_REPORT.md,phase,
PHASE_1_CANARY_ACTIVATION_REPORT.md,docs/reports/phase/PHASE_1_CANARY_ACTIVATION_REPORT.md,phase,
PHASE_1_CANARY_CHECKPOINT_REPORT.md,docs/reports/phase/PHASE_1_CANARY_CHECKPOINT_REPORT.md,phase,
PHASE_1_COMPLETE_VALIDATION_REPORT.md,docs/reports/phase/PHASE_1_COMPLETE_VALIDATION_REPORT.md,phase,
PHASE_1_MONITORING_SETUP.md,docs/reports/phase/PHASE_1_MONITORING_SETUP.md,phase,
PHASE_1_MONITORING_STATUS.md,docs/reports/phase/PHASE_1_MONITORING_STATUS.md,phase,
PHASE_1_PROGRESS_REPORT.md,docs/reports/phase/PHASE_1_PROGRESS_REPORT.md,phase,
PHASE_2_COMPLETION_REPORT.md,docs/reports/phase/PHASE_2_COMPLETION_REPORT.md,phase,
PHASE_2_IMPLEMENTATION_PLAN.md,docs/reports/phase/PHASE_2_IMPLEMENTATION_PLAN.md,phase,
PHASE_2_READINESS_EVALUATION.md,docs/reports/phase/PHASE_2_READINESS_EVALUATION.md,phase,
PHASE_2_STEP_A_TECHNICAL_DESIGN.md,docs/reports/phase/PHASE_2_STEP_A_TECHNICAL_DESIGN.md,phase,
PHASE_2_STEP_B_TECHNICAL_DESIGN.md,docs/reports/phase/PHASE_2_STEP_B_TECHNICAL_DESIGN.md,phase,
PHASE_2_STEP_C_FEATURE_FLAG.md,docs/reports/phase/PHASE_2_STEP_C_FEATURE_FLAG.md,phase,
PHASE_4_6_IMPLEMENTATION_SUMMARY.md,docs/reports/phase/PHASE_4_6_IMPLEMENTATION_SUMMARY.md,phase,
PHASE_4_6_INTEGRATED_TEST_REPORT.md,docs/reports/phase/PHASE_4_6_INTEGRATED_TEST_REPORT.md,phase,
PHASE_4_6_MANUAL_VALIDATION.md,docs/reports/phase/PHASE_4_6_MANUAL_VALIDATION.md,phase,
PHASE_4_6_OPTIMIZATION_REPORT.md,docs/reports/phase/PHASE_4_6_OPTIMIZATION_REPORT.md,phase,
PHASE_6_8_COMPREHENSIVE_OPTIMIZATION_REPORT.md,docs/reports/phase/PHASE_6_8_COMPREHENSIVE_OPTIMIZATION_REPORT.md,phase,
PHASE_6_8_OPTIMIZATION_REPORT.md,docs/reports/phase/PHASE_6_8_OPTIMIZATION_REPORT.md,phase,
OWNER_CONSOLE_DEVELOPMENT_PLAN.md,docs/reports/planning/OWNER_CONSOLE_DEVELOPMENT_PLAN.md,planning,
OWNER_CONSOLE_WEEK1_TASKS.md,docs/reports/planning/OWNER_CONSOLE_WEEK1_TASKS.md,planning,
SHARED_COMPONENT_MIGRATION_PLAN.md,docs/reports/planning/SHARED_COMPONENT_MIGRATION_PLAN.md,planning,
TEST_ASSERTION_FIX_PLAN.md,docs/reports/planning/TEST_ASSERTION_FIX_PLAN.md,planning,
TOKEN_MIGRATION_PLAN.md,docs/reports/planning/TOKEN_MIGRATION_PLAN.md,planning,
TOKEN_SCOPING_IMPLEMENTATION_PLAN.md,docs/reports/planning/TOKEN_SCOPING_IMPLEMENTATION_PLAN.md,planning,
WEEK_1_6_IMPLEMENTATION_PLAN.md,docs/reports/planning/WEEK_1_6_IMPLEMENTATION_PLAN.md,planning,
FRONTEND_PR555_FINAL_VALIDATION_REPORT.md,docs/reports/pr-reviews/FRONTEND_PR555_FINAL_VALIDATION_REPORT.md,pr-reviews,
PR387_CRITICAL_REVIEW_AND_TEST_RESULTS.md,docs/reports/pr-reviews/PR387_CRITICAL_REVIEW_AND_TEST_RESULTS.md,pr-reviews,
PR394_REVIEW_REPORT.md,docs/reports/pr-reviews/PR394_REVIEW_REPORT.md,pr-reviews,
PR455_OPTIMIZATION_REPORT.md,docs/reports/pr-reviews/PR455_OPTIMIZATION_REPORT.md,pr-reviews,
PR562_CRITICAL_FIXES_GUIDE.md,docs/reports/pr-reviews/PR562_CRITICAL_FIXES_GUIDE.md,pr-reviews,
PR_843_CTO_ACCEPTANCE_REPORT.md,docs/reports/pr-reviews/PR_843_CTO_ACCEPTANCE_REPORT.md,pr-reviews,
PR_843_FINAL_CTO_APPROVAL.md,docs/reports/pr-reviews/PR_843_FINAL_CTO_APPROVAL.md,pr-reviews,
PR_844_CTO_ACCEPTANCE_REPORT.md,docs/reports/pr-reviews/PR_844_CTO_ACCEPTANCE_REPORT.md,pr-reviews,
PR_844_FINAL_CTO_APPROVAL.md,docs/reports/pr-reviews/PR_844_FINAL_CTO_APPROVAL.md,pr-reviews,
PR_845_CTO_ACCEPTANCE_REPORT.md,docs/reports/pr-reviews/PR_845_CTO_ACCEPTANCE_REPORT.md,pr-reviews,
PR_845_CTO_VERIFICATION_REPORT_AFTER_FIXES.md,docs/reports/pr-reviews/PR_845_CTO_VERIFICATION_REPORT_AFTER_FIXES.md,pr-reviews,
PR_845_FINAL_CTO_APPROVAL.md,docs/reports/pr-reviews/PR_845_FINAL_CTO_APPROVAL.md,pr-reviews,
PR_846_FINAL_CTO_APPROVAL.md,docs/reports/pr-reviews/PR_846_FINAL_CTO_APPROVAL.md,pr-reviews,
FINAL_SECURITY_DEPLOYMENT_REPORT.md,docs/reports/security/FINAL_SECURITY_DEPLOYMENT_REPORT.md,security,
REDIS_TLS_AUDIT_REPORT.md,docs/reports/security/REDIS_TLS_AUDIT_REPORT.md,security,
RLS_SECURITY_ASSESSMENT.md,docs/reports/security/RLS_SECURITY_ASSESSMENT.md,security,
RLS_TEST_FINDINGS.md,docs/reports/security/RLS_TEST_FINDINGS.md,security,
SECURITY_ADVISOR_FIXES.md,docs/reports/security/SECURITY_ADVISOR_FIXES.md,security,
SECURITY_FIXES_VALIDATION_REPORT_PR554.md,docs/reports/security/SECURITY_FIXES_VALIDATION_REPORT_PR554.md,security,
SUPABASE_RLS_SECURITY_AUDIT_REPORT.md,docs/reports/security/SUPABASE_RLS_SECURITY_AUDIT_REPORT.md,security,
SUPABASE_SECURITY_ADVISOR_COMPLETE_FIX_REPORT.md,docs/reports/security/SUPABASE_SECURITY_ADVISOR_COMPLETE_FIX_REPORT.md,security,
SUPABASE_SECURITY_FIXES_REPORT.md,docs/reports/security/SUPABASE_SECURITY_FIXES_REPORT.md,security,
SPRING_ANIMATION_AUDIT_REPORT.md,docs/reports/uiux/SPRING_ANIMATION_AUDIT_REPORT.md,uiux,
UIUX_IMPROVEMENT_PRIORITIES.md,docs/reports/uiux/UIUX_IMPROVEMENT_PRIORITIES.md,uiux,
UIUX_STRATEGIC_AUDIT_REPORT.md,docs/reports/uiux/UIUX_STRATEGIC_AUDIT_REPORT.md,uiux,
UIUX_VALIDATION_REPORT_PR554_PR555.md,docs/reports/uiux/UIUX_VALIDATION_REPORT_PR554_PR555.md,uiux,
UI_UX_PROGRESS_ASSESSMENT_REPORT.md,docs/reports/uiux/UI_UX_PROGRESS_ASSESSMENT_REPORT.md,uiux,
USABILITY_TESTING_RECRUITMENT_PLAN.md,docs/reports/uiux/USABILITY_TESTING_RECRUITMENT_PLAN.md,uiux,
VRT_BASELINE_VERIFICATION_REPORT.md,docs/reports/uiux/VRT_BASELINE_VERIFICATION_REPORT.md,uiux,
WCAG_2.1_AA_COMPLETION_REPORT.md,docs/reports/uiux/WCAG_2.1_AA_COMPLETION_REPORT.md,uiux,
AGENT_GOVERNANCE_VALIDATION_REPORT.md,docs/reports/validation/AGENT_GOVERNANCE_VALIDATION_REPORT.md,validation,
API_ENDPOINT_VERIFICATION_REPORT.md,docs/reports/validation/API_ENDPOINT_VERIFICATION_REPORT.md,validation,
FINAL_VERIFICATION_STEPS.md,docs/reports/validation/FINAL_VERIFICATION_STEPS.md,validation,
OPTIMIZATION_COMPLETION_REPORT.md,docs/reports/validation/OPTIMIZATION_COMPLETION_REPORT.md,validation,
OPTION_A_VERIFICATION_REPORT.md,docs/reports/validation/OPTION_A_VERIFICATION_REPORT.md,validation,
P0_P1_COMPLETION_REPORT.md,docs/reports/validation/P0_P1_COMPLETION_REPORT.md,validation,
STAGING_E2E_TEST_RESULTS.md,docs/reports/validation/STAGING_E2E_TEST_RESULTS.md,validation,
STAGING_TEST_REPORT_SECURITY_FIXES.md,docs/reports/validation/STAGING_TEST_REPORT_SECURITY_FIXES.md,validation,
VERIFICATION_CHECKLIST.md,docs/reports/validation/VERIFICATION_CHECKLIST.md,validation,
CLOUD_AUTH_REPAIR_GUIDE.md,docs/runbooks/CLOUD_AUTH_REPAIR_GUIDE.md,runbooks,
OPS_AGENT_QUICK_REFERENCE.md,docs/runbooks/OPS_AGENT_QUICK_REFERENCE.md,runbooks,
